{
	"info": {
		"_postman_id": "28624552-1adc-47a9-8d3f-e793db716b1c",
		"name": "Week3Day1_OAuth_Via_API",
		"schema": "https://schema.getpostman.com/json/collection/v2.1.0/collection.json",
		"_exporter_id": "17709036"
	},
	"item": [
		{
			"name": "GenerateOAuth-Token",
			"event": [
				{
					"listen": "test",
					"script": {
						"exec": [
							"var resp=pm.response.json();\r",
							"var token=resp.access_token;\r",
							"console.log(token)\r",
							"pm.globals.set(\"accesstoken\", token);"
						],
						"type": "text/javascript"
					}
				}
			],
			"request": {
				"method": "POST",
				"header": [],
				"body": {
					"mode": "urlencoded",
					"urlencoded": [
						{
							"key": "grant_type",
							"value": "password",
							"type": "text"
						},
						{
							"key": "client_id",
							"value": "b6d7218d662de110f6a42046471520ca",
							"type": "text"
						},
						{
							"key": "client_secret",
							"value": "N<OKbOX}Vw",
							"type": "text"
						},
						{
							"key": "username",
							"value": "admin",
							"type": "text"
						},
						{
							"key": "password",
							"value": "P-qQ7@umSYz8",
							"type": "text"
						}
					]
				},
				"url": {
					"raw": "https://dev140572.service-now.com/oauth_token.do",
					"protocol": "https",
					"host": [
						"dev140572",
						"service-now",
						"com"
					],
					"path": [
						"oauth_token.do"
					]
				}
			},
			"response": []
		},
		{
			"name": "Create Incident Copy",
			"event": [
				{
					"listen": "test",
					"script": {
						"exec": [
							"pm.test.skip(\"Status code is 200\", function () {\r",
							"    pm.response.to.have.status(201);\r",
							"});\r",
							"pm.test(\"Incident Preifx Validation\", function () {\r",
							"    pm.expect(pm.response.text()).to.include(\"INC\");\r",
							"});\r",
							"\r",
							"\r",
							"\r",
							"var resp=pm.response.json();\r",
							"var sys_id=resp.result.sys_id;\r",
							"console.log(sys_id)\r",
							"\r",
							""
						],
						"type": "text/javascript"
					}
				}
			],
			"request": {
				"method": "POST",
				"header": [
					{
						"key": "Authorization",
						"value": "Bearer {{accesstoken}}",
						"type": "text"
					}
				],
				"body": {
					"mode": "raw",
					"raw": "{\r\n    \"description\": \"hi\",\r\n    \"short_description\": \"Test description\"\r\n}",
					"options": {
						"raw": {
							"language": "json"
						}
					}
				},
				"url": {
					"raw": "https://dev140572.service-now.com/api/now/table/incident",
					"protocol": "https",
					"host": [
						"dev140572",
						"service-now",
						"com"
					],
					"path": [
						"api",
						"now",
						"table",
						"incident"
					]
				}
			},
			"response": []
		}
	],
	"event": [
		{
			"listen": "prerequest",
			"script": {
				"type": "text/javascript",
				"exec": [
					""
				]
			}
		},
		{
			"listen": "test",
			"script": {
				"type": "text/javascript",
				"exec": [
					""
				]
			}
		}
	]
}