{
	"info": {
		"_postman_id": "fdd423a0-7c5e-4830-8811-9af9488140c3",
		"name": "Week3Day1_OAuth_PostmanClient",
		"schema": "https://schema.getpostman.com/json/collection/v2.1.0/collection.json",
		"_exporter_id": "17709036"
	},
	"item": [
		{
			"name": "Create Incident Copy",
			"event": [
				{
					"listen": "test",
					"script": {
						"exec": [
							"pm.test.skip(\"Status code is 200\", function () {\r",
							"    pm.response.to.have.status(201);\r",
							"});\r",
							"pm.test(\"Incident Preifx Validation\", function () {\r",
							"    pm.expect(pm.response.text()).to.include(\"INC\");\r",
							"});\r",
							"\r",
							"\r",
							"\r",
							"var resp=pm.response.json();\r",
							"var sys_id=resp.result.sys_id;\r",
							"console.log(sys_id)\r",
							"\r",
							""
						],
						"type": "text/javascript"
					}
				}
			],
			"request": {
				"method": "POST",
				"header": [],
				"body": {
					"mode": "raw",
					"raw": "{\r\n    \"description\": \"hi\",\r\n    \"short_description\": \"Test description\"\r\n}",
					"options": {
						"raw": {
							"language": "json"
						}
					}
				},
				"url": {
					"raw": "https://dev140572.service-now.com/api/now/table/incident",
					"protocol": "https",
					"host": [
						"dev140572",
						"service-now",
						"com"
					],
					"path": [
						"api",
						"now",
						"table",
						"incident"
					]
				}
			},
			"response": []
		}
	],
	"auth": {
		"type": "oauth2",
		"oauth2": [
			{
				"key": "addTokenTo",
				"value": "header",
				"type": "string"
			},
			{
				"key": "state",
				"value": "TestServiceNoWAPI",
				"type": "string"
			},
			{
				"key": "clientSecret",
				"value": "}xXg.opqmn",
				"type": "string"
			},
			{
				"key": "clientId",
				"value": "5bf399cd8be9e1109527a1b36d233199",
				"type": "string"
			},
			{
				"key": "accessTokenUrl",
				"value": "https://dev140572.service-now.com/oauth_token.do",
				"type": "string"
			},
			{
				"key": "authUrl",
				"value": "https://dev140572.service-now.com/oauth_auth.do",
				"type": "string"
			},
			{
				"key": "tokenName",
				"value": "TestFebToken",
				"type": "string"
			},
			{
				"key": "challengeAlgorithm",
				"value": "S256",
				"type": "string"
			},
			{
				"key": "redirect_uri",
				"value": "https://www.getpostman.com/oauth2/callback",
				"type": "string"
			},
			{
				"key": "grant_type",
				"value": "authorization_code",
				"type": "string"
			},
			{
				"key": "client_authentication",
				"value": "header",
				"type": "string"
			}
		]
	},
	"event": [
		{
			"listen": "prerequest",
			"script": {
				"type": "text/javascript",
				"exec": [
					""
				]
			}
		},
		{
			"listen": "test",
			"script": {
				"type": "text/javascript",
				"exec": [
					""
				]
			}
		}
	]
}