Url,short_description,Description
https://dev120608.service-now.com,Data Created Via CSV 1,Data for  desription via CSV 1
https://dev120608.service-now.com,Data Created Via CSV 2,Data for  desription via CSV 2
https://dev120608.service-now.com,Data Created Via CSV 3,Data for  desription via CSV 3
https://dev120608.service-now.com,Data Created Via CSV 4,Data for  desription via CSV 4
https://dev120608.service-now.com,Data Created Via CSV 5,Data for  desription via CSV 5
https://dev120608.service-now.com,Data Created Via CSV 6,Data for  desription via CSV 6
https://dev120608.service-now.com,Data Created Via CSV 7,Data for  desription via CSV 7
https://dev120608.service-now.com,Data Created Via CSV 8,Data for  desription via CSV 8
https://dev120608.service-now.com,Data Created Via CSV 9,Data for  desription via CSV 9
https://dev120608.service-now.com,Data Created Via CSV 10,Data for  desription via CSV 10
